<?xml version="1.0" encoding="utf-8" ?>

<component name="PantallaDeUsuario" extends="Scene">

    <script type="text/brightscript" uri="pantallaDeUsuario.brs" /> 

    <children>
      
        <Poster
            id = "posterFirst"
            translation="[9,-53]"
            height= "220"
            width="270" 
            uri="pkg:/images/firstScenelogo.png" />
                
        <Label
            id= "msWelcome"
            height="50"
            color = "0xF9F9F9"
            text = "¿Quién quiere ver RupertFlix?:"
            translation="[680,200]" 
            visible= "true" />
    
        <LayoutGroup
            id = "posterUser"
            layoutDirection = "horiz"
            translation = "[210, 400]"
            itemSpacings = "110" 
            visible = "true" >

            <UserProfile 
                id = "userOne" 
                locateImage = "pkg:/images/usuario1.jpg" 
                profileName = "Fernanda" 
                 />

            <UserProfile 
                id = "userTwo" 
                locateImage = "pkg:/images/usuario2.jpg" 
                profileName = "Mariano"
                namePosition = "[300, 670]" />

            <UserProfile 
                id = "userThree" 
                locateImage = "pkg:/images/usuario3.jpg" 
                profileName = "Camila" 
                namePosition = "[303, 670]" />

            <UserProfile 
                id = "userFour" 
                locateImage = "pkg:/images/usuario4.jpg" 
                profileName = "Juan Pablo"
                namePosition = "[269, 670]" />
        </LayoutGroup>
         
        <EditUserProfile 
            id="loadSecondScreen"
            visible = "false"/>   

    </children>
  
</component>